<?xml version="1.0" encoding="WINDOWS-1252"?>
<!-- Generated by Oracle Reports version 10.1.2.0.2 -->
<XX1B_AR_INVOICE_REPORT>
  <LIST_G_TRX_NUMBER>
    <G_TRX_NUMBER>
      <TRX_NUMBER>10023838</TRX_NUMBER>
      <TRX_NUMBER1>10023838</TRX_NUMBER1>
      <TRX_DATE>22-JUL-04</TRX_DATE>
      <INVOICE_CURRENCY_CODE>USD</INVOICE_CURRENCY_CODE>
      <ORG_ID>204</ORG_ID>
      <LINE_NUMBER>2</LINE_NUMBER>
      <INVENTORY_ITEM_ID>3041</INVENTORY_ITEM_ID>
      <DESCRIPTION>Docking Station</DESCRIPTION>
      <EXTENDED_AMOUNT>1551.92</EXTENDED_AMOUNT>
      <PARTY_NAME>tester11 tester11-tester22 tester22-26236</PARTY_NAME>
      <TAX_CODE></TAX_CODE>
      <TAX_AMT>576.16</TAX_AMT>
      <CUSTOMER_TRX_ID>262960</CUSTOMER_TRX_ID>
      <CUSTOMER_TRX_ID1>86388</CUSTOMER_TRX_ID1>
      <REQUEST_ID>3059698</REQUEST_ID>
      <REQUEST_ID1>2485383</REQUEST_ID1>
      <SHIP_TO_SITE_USE_ID>1026</SHIP_TO_SITE_USE_ID>
      <LOCATION>Chattanooga (OPS)</LOCATION>
      <SITE_USE_ID>1026</SITE_USE_ID>
      <SEGMENT2>CM55437</SEGMENT2>
      <INVENTORY_ITEM_ID2>3041</INVENTORY_ITEM_ID2>
      <CONFIRMED_FLAG>Y</CONFIRMED_FLAG>
      <ORG_ID1>204</ORG_ID1>
      <LIST_G_ORGANIZATION_ID>
        <G_ORGANIZATION_ID>
          <ORGANIZATION_ID>204</ORGANIZATION_ID>
          <NAME>Vision Operations</NAME>
        </G_ORGANIZATION_ID>
      </LIST_G_ORGANIZATION_ID>
    </G_TRX_NUMBER>
    <G_TRX_NUMBER>
      <TRX_NUMBER>10023838</TRX_NUMBER>
      <TRX_NUMBER1>10023838</TRX_NUMBER1>
      <TRX_DATE>22-JUL-04</TRX_DATE>
      <INVOICE_CURRENCY_CODE>USD</INVOICE_CURRENCY_CODE>
      <ORG_ID>204</ORG_ID>
      <LINE_NUMBER>2</LINE_NUMBER>
      <INVENTORY_ITEM_ID>3041</INVENTORY_ITEM_ID>
      <DESCRIPTION>Docking Station</DESCRIPTION>
      <EXTENDED_AMOUNT>1551.92</EXTENDED_AMOUNT>
      <PARTY_NAME>tester11 tester11-tester22 tester22-26236</PARTY_NAME>
      <TAX_CODE></TAX_CODE>
      <TAX_AMT>576.16</TAX_AMT>
      <CUSTOMER_TRX_ID>262960</CUSTOMER_TRX_ID>
      <CUSTOMER_TRX_ID1>86388</CUSTOMER_TRX_ID1>
      <REQUEST_ID>3059698</REQUEST_ID>
      <REQUEST_ID1>2485383</REQUEST_ID1>
      <SHIP_TO_SITE_USE_ID>1026</SHIP_TO_SITE_USE_ID>
      <LOCATION>Chattanooga (OPS)</LOCATION>
      <SITE_USE_ID>1026</SITE_USE_ID>
      <SEGMENT2>CM55437</SEGMENT2>
      <INVENTORY_ITEM_ID2>3041</INVENTORY_ITEM_ID2>
      <CONFIRMED_FLAG>Y</CONFIRMED_FLAG>
      <ORG_ID1>204</ORG_ID1>
      <LIST_G_ORGANIZATION_ID>
        <G_ORGANIZATION_ID>
          <ORGANIZATION_ID>204</ORGANIZATION_ID>
          <NAME>Vision Operations</NAME>
        </G_ORGANIZATION_ID>
      </LIST_G_ORGANIZATION_ID>
    </G_TRX_NUMBER>
    <G_TRX_NUMBER>
      <TRX_NUMBER>10023838</TRX_NUMBER>
      <TRX_NUMBER1>10023838</TRX_NUMBER1>
      <TRX_DATE>22-JUL-04</TRX_DATE>
      <INVOICE_CURRENCY_CODE>USD</INVOICE_CURRENCY_CODE>
      <ORG_ID>204</ORG_ID>
      <LINE_NUMBER>2</LINE_NUMBER>
      <INVENTORY_ITEM_ID>3041</INVENTORY_ITEM_ID>
      <DESCRIPTION>Docking Station</DESCRIPTION>
      <EXTENDED_AMOUNT>1551.92</EXTENDED_AMOUNT>
      <PARTY_NAME>tester11 tester11-tester22 tester22-26236</PARTY_NAME>
      <TAX_CODE></TAX_CODE>
      <TAX_AMT>576.16</TAX_AMT>
      <CUSTOMER_TRX_ID>262960</CUSTOMER_TRX_ID>
      <CUSTOMER_TRX_ID1>86388</CUSTOMER_TRX_ID1>
      <REQUEST_ID>3059698</REQUEST_ID>
      <REQUEST_ID1>2485383</REQUEST_ID1>
      <SHIP_TO_SITE_USE_ID>1026</SHIP_TO_SITE_USE_ID>
      <LOCATION>Chattanooga (OPS)</LOCATION>
      <SITE_USE_ID>1026</SITE_USE_ID>
      <SEGMENT2>CM55437</SEGMENT2>
      <INVENTORY_ITEM_ID2>3041</INVENTORY_ITEM_ID2>
      <CONFIRMED_FLAG>Y</CONFIRMED_FLAG>
      <ORG_ID1>204</ORG_ID1>
      <LIST_G_ORGANIZATION_ID>
        <G_ORGANIZATION_ID>
          <ORGANIZATION_ID>204</ORGANIZATION_ID>
          <NAME>Vision Operations</NAME>
        </G_ORGANIZATION_ID>
      </LIST_G_ORGANIZATION_ID>
    </G_TRX_NUMBER>
    <G_TRX_NUMBER>
      <TRX_NUMBER>10023838</TRX_NUMBER>
      <TRX_NUMBER1>10023838</TRX_NUMBER1>
      <TRX_DATE>22-JUL-04</TRX_DATE>
      <INVOICE_CURRENCY_CODE>USD</INVOICE_CURRENCY_CODE>
      <ORG_ID>204</ORG_ID>
      <LINE_NUMBER>2</LINE_NUMBER>
      <INVENTORY_ITEM_ID>3041</INVENTORY_ITEM_ID>
      <DESCRIPTION>Docking Station</DESCRIPTION>
      <EXTENDED_AMOUNT>1551.92</EXTENDED_AMOUNT>
      <PARTY_NAME>tester11 tester11-tester22 tester22-26236</PARTY_NAME>
      <TAX_CODE></TAX_CODE>
      <TAX_AMT>576.16</TAX_AMT>
      <CUSTOMER_TRX_ID>262960</CUSTOMER_TRX_ID>
      <CUSTOMER_TRX_ID1>86388</CUSTOMER_TRX_ID1>
      <REQUEST_ID>3059698</REQUEST_ID>
      <REQUEST_ID1>2485383</REQUEST_ID1>
      <SHIP_TO_SITE_USE_ID>1026</SHIP_TO_SITE_USE_ID>
      <LOCATION>Chattanooga (OPS)</LOCATION>
      <SITE_USE_ID>1026</SITE_USE_ID>
      <SEGMENT2>CM55437</SEGMENT2>
      <INVENTORY_ITEM_ID2>3041</INVENTORY_ITEM_ID2>
      <CONFIRMED_FLAG>Y</CONFIRMED_FLAG>
      <ORG_ID1>204</ORG_ID1>
      <LIST_G_ORGANIZATION_ID>
        <G_ORGANIZATION_ID>
          <ORGANIZATION_ID>204</ORGANIZATION_ID>
          <NAME>Vision Operations</NAME>
        </G_ORGANIZATION_ID>
      </LIST_G_ORGANIZATION_ID>
    </G_TRX_NUMBER>
    <G_TRX_NUMBER>
      <TRX_NUMBER>10023838</TRX_NUMBER>
      <TRX_NUMBER1>10023838</TRX_NUMBER1>
      <TRX_DATE>22-JUL-04</TRX_DATE>
      <INVOICE_CURRENCY_CODE>USD</INVOICE_CURRENCY_CODE>
      <ORG_ID>204</ORG_ID>
      <LINE_NUMBER>2</LINE_NUMBER>
      <INVENTORY_ITEM_ID>3041</INVENTORY_ITEM_ID>
      <DESCRIPTION>Docking Station</DESCRIPTION>
      <EXTENDED_AMOUNT>1551.92</EXTENDED_AMOUNT>
      <PARTY_NAME>tester11 tester11-tester22 tester22-26236</PARTY_NAME>
      <TAX_CODE></TAX_CODE>
      <TAX_AMT>576.16</TAX_AMT>
      <CUSTOMER_TRX_ID>262960</CUSTOMER_TRX_ID>
      <CUSTOMER_TRX_ID1>86388</CUSTOMER_TRX_ID1>
      <REQUEST_ID>3059698</REQUEST_ID>
      <REQUEST_ID1>2485383</REQUEST_ID1>
      <SHIP_TO_SITE_USE_ID>1026</SHIP_TO_SITE_USE_ID>
      <LOCATION>Chattanooga (OPS)</LOCATION>
      <SITE_USE_ID>1026</SITE_USE_ID>
      <SEGMENT2>CM55437</SEGMENT2>
      <INVENTORY_ITEM_ID2>3041</INVENTORY_ITEM_ID2>
      <CONFIRMED_FLAG>Y</CONFIRMED_FLAG>
      <ORG_ID1>204</ORG_ID1>
      <LIST_G_ORGANIZATION_ID>
        <G_ORGANIZATION_ID>
          <ORGANIZATION_ID>204</ORGANIZATION_ID>
          <NAME>Vision Operations</NAME>
        </G_ORGANIZATION_ID>
      </LIST_G_ORGANIZATION_ID>
    </G_TRX_NUMBER>
    <G_TRX_NUMBER>
      <TRX_NUMBER>10023838</TRX_NUMBER>
      <TRX_NUMBER1>10023838</TRX_NUMBER1>
      <TRX_DATE>22-JUL-04</TRX_DATE>
      <INVOICE_CURRENCY_CODE>USD</INVOICE_CURRENCY_CODE>
      <ORG_ID>204</ORG_ID>
      <LINE_NUMBER>2</LINE_NUMBER>
      <INVENTORY_ITEM_ID>3041</INVENTORY_ITEM_ID>
      <DESCRIPTION>Docking Station</DESCRIPTION>
      <EXTENDED_AMOUNT>1551.92</EXTENDED_AMOUNT>
      <PARTY_NAME>tester11 tester11-tester22 tester22-26236</PARTY_NAME>
      <TAX_CODE></TAX_CODE>
      <TAX_AMT>576.16</TAX_AMT>
      <CUSTOMER_TRX_ID>262960</CUSTOMER_TRX_ID>
      <CUSTOMER_TRX_ID1>86388</CUSTOMER_TRX_ID1>
      <REQUEST_ID>3059698</REQUEST_ID>
      <REQUEST_ID1>2485383</REQUEST_ID1>
      <SHIP_TO_SITE_USE_ID>1026</SHIP_TO_SITE_USE_ID>
      <LOCATION>Chattanooga (OPS)</LOCATION>
      <SITE_USE_ID>1026</SITE_USE_ID>
      <SEGMENT2>CM55437</SEGMENT2>
      <INVENTORY_ITEM_ID2>3041</INVENTORY_ITEM_ID2>
      <CONFIRMED_FLAG>Y</CONFIRMED_FLAG>
      <ORG_ID1>204</ORG_ID1>
      <LIST_G_ORGANIZATION_ID>
        <G_ORGANIZATION_ID>
          <ORGANIZATION_ID>204</ORGANIZATION_ID>
          <NAME>Vision Operations</NAME>
        </G_ORGANIZATION_ID>
      </LIST_G_ORGANIZATION_ID>
    </G_TRX_NUMBER>
    <G_TRX_NUMBER>
      <TRX_NUMBER>10023838</TRX_NUMBER>
      <TRX_NUMBER1>10023838</TRX_NUMBER1>
      <TRX_DATE>22-JUL-04</TRX_DATE>
      <INVOICE_CURRENCY_CODE>USD</INVOICE_CURRENCY_CODE>
      <ORG_ID>204</ORG_ID>
      <LINE_NUMBER>2</LINE_NUMBER>
      <INVENTORY_ITEM_ID>3041</INVENTORY_ITEM_ID>
      <DESCRIPTION>Docking Station</DESCRIPTION>
      <EXTENDED_AMOUNT>1551.92</EXTENDED_AMOUNT>
      <PARTY_NAME>tester11 tester11-tester22 tester22-26236</PARTY_NAME>
      <TAX_CODE></TAX_CODE>
      <TAX_AMT>576.16</TAX_AMT>
      <CUSTOMER_TRX_ID>262960</CUSTOMER_TRX_ID>
      <CUSTOMER_TRX_ID1>86388</CUSTOMER_TRX_ID1>
      <REQUEST_ID>3059698</REQUEST_ID>
      <REQUEST_ID1>2485383</REQUEST_ID1>
      <SHIP_TO_SITE_USE_ID>1026</SHIP_TO_SITE_USE_ID>
      <LOCATION>Chattanooga (OPS)</LOCATION>
      <SITE_USE_ID>1026</SITE_USE_ID>
      <SEGMENT2>CM55437</SEGMENT2>
      <INVENTORY_ITEM_ID2>3041</INVENTORY_ITEM_ID2>
      <CONFIRMED_FLAG>Y</CONFIRMED_FLAG>
      <ORG_ID1>204</ORG_ID1>
      <LIST_G_ORGANIZATION_ID>
        <G_ORGANIZATION_ID>
          <ORGANIZATION_ID>204</ORGANIZATION_ID>
          <NAME>Vision Operations</NAME>
        </G_ORGANIZATION_ID>
      </LIST_G_ORGANIZATION_ID>
    </G_TRX_NUMBER>
    <G_TRX_NUMBER>
      <TRX_NUMBER>10023838</TRX_NUMBER>
      <TRX_NUMBER1>10023838</TRX_NUMBER1>
      <TRX_DATE>22-JUL-04</TRX_DATE>
      <INVOICE_CURRENCY_CODE>USD</INVOICE_CURRENCY_CODE>
      <ORG_ID>204</ORG_ID>
      <LINE_NUMBER>2</LINE_NUMBER>
      <INVENTORY_ITEM_ID>3041</INVENTORY_ITEM_ID>
      <DESCRIPTION>Docking Station</DESCRIPTION>
      <EXTENDED_AMOUNT>1551.92</EXTENDED_AMOUNT>
      <PARTY_NAME>tester11 tester11-tester22 tester22-26236</PARTY_NAME>
      <TAX_CODE></TAX_CODE>
      <TAX_AMT>576.16</TAX_AMT>
      <CUSTOMER_TRX_ID>262960</CUSTOMER_TRX_ID>
      <CUSTOMER_TRX_ID1>86388</CUSTOMER_TRX_ID1>
      <REQUEST_ID>3059698</REQUEST_ID>
      <REQUEST_ID1>2485383</REQUEST_ID1>
      <SHIP_TO_SITE_USE_ID>1026</SHIP_TO_SITE_USE_ID>
      <LOCATION>Chattanooga (OPS)</LOCATION>
      <SITE_USE_ID>1026</SITE_USE_ID>
      <SEGMENT2>CM55437</SEGMENT2>
      <INVENTORY_ITEM_ID2>3041</INVENTORY_ITEM_ID2>
      <CONFIRMED_FLAG>Y</CONFIRMED_FLAG>
      <ORG_ID1>204</ORG_ID1>
      <LIST_G_ORGANIZATION_ID>
        <G_ORGANIZATION_ID>
          <ORGANIZATION_ID>204</ORGANIZATION_ID>
          <NAME>Vision Operations</NAME>
        </G_ORGANIZATION_ID>
      </LIST_G_ORGANIZATION_ID>
    </G_TRX_NUMBER>
    <G_TRX_NUMBER>
      <TRX_NUMBER>10023838</TRX_NUMBER>
      <TRX_NUMBER1>10023838</TRX_NUMBER1>
      <TRX_DATE>22-JUL-04</TRX_DATE>
      <INVOICE_CURRENCY_CODE>USD</INVOICE_CURRENCY_CODE>
      <ORG_ID>204</ORG_ID>
      <LINE_NUMBER>2</LINE_NUMBER>
      <INVENTORY_ITEM_ID>3041</INVENTORY_ITEM_ID>
      <DESCRIPTION>Docking Station</DESCRIPTION>
      <EXTENDED_AMOUNT>1551.92</EXTENDED_AMOUNT>
      <PARTY_NAME>tester11 tester11-tester22 tester22-26236</PARTY_NAME>
      <TAX_CODE></TAX_CODE>
      <TAX_AMT>576.16</TAX_AMT>
      <CUSTOMER_TRX_ID>262960</CUSTOMER_TRX_ID>
      <CUSTOMER_TRX_ID1>86388</CUSTOMER_TRX_ID1>
      <REQUEST_ID>3059698</REQUEST_ID>
      <REQUEST_ID1>2485383</REQUEST_ID1>
      <SHIP_TO_SITE_USE_ID>1026</SHIP_TO_SITE_USE_ID>
      <LOCATION>Chattanooga (OPS)</LOCATION>
      <SITE_USE_ID>1026</SITE_USE_ID>
      <SEGMENT2>CM55437</SEGMENT2>
      <INVENTORY_ITEM_ID2>3041</INVENTORY_ITEM_ID2>
      <CONFIRMED_FLAG>Y</CONFIRMED_FLAG>
      <ORG_ID1>204</ORG_ID1>
      <LIST_G_ORGANIZATION_ID>
        <G_ORGANIZATION_ID>
          <ORGANIZATION_ID>204</ORGANIZATION_ID>
          <NAME>Vision Operations</NAME>
        </G_ORGANIZATION_ID>
      </LIST_G_ORGANIZATION_ID>
    </G_TRX_NUMBER>
    <G_TRX_NUMBER>
      <TRX_NUMBER>10023838</TRX_NUMBER>
      <TRX_NUMBER1>10023838</TRX_NUMBER1>
      <TRX_DATE>22-JUL-04</TRX_DATE>
      <INVOICE_CURRENCY_CODE>USD</INVOICE_CURRENCY_CODE>
      <ORG_ID>204</ORG_ID>
      <LINE_NUMBER>2</LINE_NUMBER>
      <INVENTORY_ITEM_ID>3041</INVENTORY_ITEM_ID>
      <DESCRIPTION>Docking Station</DESCRIPTION>
      <EXTENDED_AMOUNT>1551.92</EXTENDED_AMOUNT>
      <PARTY_NAME>tester11 tester11-tester22 tester22-26236</PARTY_NAME>
      <TAX_CODE></TAX_CODE>
      <TAX_AMT>576.16</TAX_AMT>
      <CUSTOMER_TRX_ID>262960</CUSTOMER_TRX_ID>
      <CUSTOMER_TRX_ID1>86388</CUSTOMER_TRX_ID1>
      <REQUEST_ID>3059698</REQUEST_ID>
      <REQUEST_ID1>2485383</REQUEST_ID1>
      <SHIP_TO_SITE_USE_ID>1026</SHIP_TO_SITE_USE_ID>
      <LOCATION>Chattanooga (OPS)</LOCATION>
      <SITE_USE_ID>1026</SITE_USE_ID>
      <SEGMENT2>CM55437</SEGMENT2>
      <INVENTORY_ITEM_ID2>3041</INVENTORY_ITEM_ID2>
      <CONFIRMED_FLAG>Y</CONFIRMED_FLAG>
      <ORG_ID1>204</ORG_ID1>
      <LIST_G_ORGANIZATION_ID>
        <G_ORGANIZATION_ID>
          <ORGANIZATION_ID>204</ORGANIZATION_ID>
          <NAME>Vision Operations</NAME>
        </G_ORGANIZATION_ID>
      </LIST_G_ORGANIZATION_ID>
    </G_TRX_NUMBER>
  </LIST_G_TRX_NUMBER>
</XX1B_AR_INVOICE_REPORT>
